{
  "2018_UL": {
    "0": 0.12970339,
    "1": 1.0,
    "2": 1.0,
    "3": 1.0
  },
  "2017_UL": {
    "0": 0.11850897,
    "1": 1.0,
    "2": 1.0,
    "3": 1.0
  },
  "2016postVFP_UL": {
    "0": 0.13567914,
    "1": 1.0,
    "2": 1.0,
    "3": 1.0
  },
  "2016preVFP_UL": {
    "0": 0.11228167,
    "1": 1.0,
    "2": 1.0,
    "3": 1.0
  }
}
